<?xml version="1.0" encoding="UTF-8"?>
<mxfile host="app.diagrams.net" modified="2023-11-05T16:38:47.867Z" agent="Mozilla/5.0 (Windows NT 10.0; Win64; x64) AppleWebKit/537.36 (KHTML, like Gecko) Chrome/119.0.0.0 Safari/537.36" etag="jg5mr8PWEzSCc_E7aD24" version="22.0.8" pages="8">
  <diagram id="FEWlPBUTw6J4eoos_of3" name="Page-1">
    <mxGraphModel dx="1114" dy="610" grid="1" gridSize="10" guides="1" tooltips="1" connect="1" arrows="1" fold="1" page="1" pageScale="1" pageWidth="827" pageHeight="1169" math="0" shadow="0">
      <root>
        <mxCell id="0" />
        <mxCell id="1" parent="0" />
        <mxCell id="KqFZUToD7k9S5LgoGGIV-1" value="" style="endArrow=none;html=1;rounded=0;" parent="1" edge="1">
          <mxGeometry width="50" height="50" relative="1" as="geometry">
            <mxPoint x="120" y="590" as="sourcePoint" />
            <mxPoint x="119.5" y="39.5" as="targetPoint" />
          </mxGeometry>
        </mxCell>
        <mxCell id="KqFZUToD7k9S5LgoGGIV-2" value="&lt;font face=&quot;Times New Roman&quot;&gt;Teacher&lt;/font&gt;" style="text;html=1;strokeColor=none;fillColor=none;align=center;verticalAlign=middle;whiteSpace=wrap;rounded=0;" parent="1" vertex="1">
          <mxGeometry x="90" y="10" width="60" height="30" as="geometry" />
        </mxCell>
        <mxCell id="KqFZUToD7k9S5LgoGGIV-3" value="" style="endArrow=classic;html=1;rounded=0;" parent="1" edge="1">
          <mxGeometry width="50" height="50" relative="1" as="geometry">
            <mxPoint x="120" y="80" as="sourcePoint" />
            <mxPoint x="360" y="80" as="targetPoint" />
          </mxGeometry>
        </mxCell>
        <mxCell id="KqFZUToD7k9S5LgoGGIV-4" value="" style="endArrow=classic;html=1;rounded=0;" parent="1" edge="1">
          <mxGeometry width="50" height="50" relative="1" as="geometry">
            <mxPoint x="360" y="120" as="sourcePoint" />
            <mxPoint x="120" y="120" as="targetPoint" />
          </mxGeometry>
        </mxCell>
        <mxCell id="KqFZUToD7k9S5LgoGGIV-5" value="" style="endArrow=classic;html=1;rounded=0;startArrow=none;" parent="1" edge="1">
          <mxGeometry width="50" height="50" relative="1" as="geometry">
            <mxPoint x="120" y="160" as="sourcePoint" />
            <mxPoint x="360" y="160" as="targetPoint" />
          </mxGeometry>
        </mxCell>
        <mxCell id="KqFZUToD7k9S5LgoGGIV-6" value="" style="endArrow=classic;html=1;rounded=0;" parent="1" edge="1">
          <mxGeometry width="50" height="50" relative="1" as="geometry">
            <mxPoint x="120" y="200" as="sourcePoint" />
            <mxPoint x="360" y="200" as="targetPoint" />
          </mxGeometry>
        </mxCell>
        <mxCell id="KqFZUToD7k9S5LgoGGIV-7" value="" style="endArrow=none;html=1;rounded=0;" parent="1" edge="1">
          <mxGeometry width="50" height="50" relative="1" as="geometry">
            <mxPoint x="360" y="600" as="sourcePoint" />
            <mxPoint x="360" y="30" as="targetPoint" />
          </mxGeometry>
        </mxCell>
        <mxCell id="KqFZUToD7k9S5LgoGGIV-8" value="" style="endArrow=classic;html=1;rounded=0;" parent="1" edge="1">
          <mxGeometry width="50" height="50" relative="1" as="geometry">
            <mxPoint x="600" y="309.5" as="sourcePoint" />
            <mxPoint x="360" y="309.5" as="targetPoint" />
          </mxGeometry>
        </mxCell>
        <mxCell id="KqFZUToD7k9S5LgoGGIV-9" value="" style="endArrow=classic;html=1;rounded=0;" parent="1" edge="1">
          <mxGeometry width="50" height="50" relative="1" as="geometry">
            <mxPoint x="360" y="345" as="sourcePoint" />
            <mxPoint x="600" y="345" as="targetPoint" />
          </mxGeometry>
        </mxCell>
        <mxCell id="KqFZUToD7k9S5LgoGGIV-10" value="" style="endArrow=classic;html=1;rounded=0;" parent="1" edge="1">
          <mxGeometry width="50" height="50" relative="1" as="geometry">
            <mxPoint x="600" y="390" as="sourcePoint" />
            <mxPoint x="360" y="390" as="targetPoint" />
          </mxGeometry>
        </mxCell>
        <mxCell id="KqFZUToD7k9S5LgoGGIV-11" value="" style="endArrow=classic;html=1;rounded=0;" parent="1" edge="1">
          <mxGeometry width="50" height="50" relative="1" as="geometry">
            <mxPoint x="120" y="240" as="sourcePoint" />
            <mxPoint x="360" y="240" as="targetPoint" />
          </mxGeometry>
        </mxCell>
        <mxCell id="KqFZUToD7k9S5LgoGGIV-12" value="" style="endArrow=classic;html=1;rounded=0;" parent="1" edge="1">
          <mxGeometry width="50" height="50" relative="1" as="geometry">
            <mxPoint x="120" y="280" as="sourcePoint" />
            <mxPoint x="360" y="280" as="targetPoint" />
          </mxGeometry>
        </mxCell>
        <mxCell id="KqFZUToD7k9S5LgoGGIV-13" value="" style="endArrow=classic;html=1;rounded=0;" parent="1" edge="1">
          <mxGeometry width="50" height="50" relative="1" as="geometry">
            <mxPoint x="600" y="430" as="sourcePoint" />
            <mxPoint x="360" y="430" as="targetPoint" />
          </mxGeometry>
        </mxCell>
        <mxCell id="KqFZUToD7k9S5LgoGGIV-14" value="" style="endArrow=none;html=1;rounded=0;" parent="1" target="KqFZUToD7k9S5LgoGGIV-15" edge="1">
          <mxGeometry width="50" height="50" relative="1" as="geometry">
            <mxPoint x="600" y="600" as="sourcePoint" />
            <mxPoint x="600" y="40" as="targetPoint" />
          </mxGeometry>
        </mxCell>
        <mxCell id="KqFZUToD7k9S5LgoGGIV-15" value="&lt;font face=&quot;Times New Roman&quot;&gt;Student&lt;/font&gt;" style="text;html=1;strokeColor=none;fillColor=none;align=center;verticalAlign=middle;whiteSpace=wrap;rounded=0;" parent="1" vertex="1">
          <mxGeometry x="570" y="10" width="60" height="30" as="geometry" />
        </mxCell>
        <mxCell id="KqFZUToD7k9S5LgoGGIV-16" value="System" style="text;html=1;strokeColor=none;fillColor=none;align=center;verticalAlign=middle;whiteSpace=wrap;rounded=0;" parent="1" vertex="1">
          <mxGeometry x="330" y="10" width="60" height="30" as="geometry" />
        </mxCell>
        <mxCell id="KqFZUToD7k9S5LgoGGIV-17" value="Registraction/log in" style="text;html=1;strokeColor=none;fillColor=none;align=center;verticalAlign=middle;whiteSpace=wrap;rounded=0;" parent="1" vertex="1">
          <mxGeometry x="170" y="50" width="150" height="30" as="geometry" />
        </mxCell>
        <mxCell id="KqFZUToD7k9S5LgoGGIV-18" value="log in successfull" style="text;html=1;strokeColor=none;fillColor=none;align=center;verticalAlign=middle;whiteSpace=wrap;rounded=0;" parent="1" vertex="1">
          <mxGeometry x="150" y="90" width="170" height="30" as="geometry" />
        </mxCell>
        <mxCell id="KqFZUToD7k9S5LgoGGIV-25" value="Registraction/log in" style="text;html=1;align=center;verticalAlign=middle;resizable=0;points=[];autosize=1;strokeColor=none;fillColor=none;" parent="1" vertex="1">
          <mxGeometry x="410" y="285" width="120" height="20" as="geometry" />
        </mxCell>
        <mxCell id="pUSa7Xq3QO6mFcLzID_h-1" value="create Profile" style="text;html=1;align=center;verticalAlign=middle;resizable=0;points=[];autosize=1;strokeColor=none;fillColor=none;" parent="1" vertex="1">
          <mxGeometry x="185" y="135" width="90" height="30" as="geometry" />
        </mxCell>
        <mxCell id="pUSa7Xq3QO6mFcLzID_h-2" value="add assignment&lt;br&gt;(image text)" style="text;html=1;align=center;verticalAlign=middle;resizable=0;points=[];autosize=1;strokeColor=none;fillColor=none;" parent="1" vertex="1">
          <mxGeometry x="165" y="170" width="110" height="40" as="geometry" />
        </mxCell>
        <mxCell id="pUSa7Xq3QO6mFcLzID_h-3" value="chat to student" style="text;html=1;align=center;verticalAlign=middle;resizable=0;points=[];autosize=1;strokeColor=none;fillColor=none;" parent="1" vertex="1">
          <mxGeometry x="180" y="215" width="100" height="30" as="geometry" />
        </mxCell>
        <mxCell id="pUSa7Xq3QO6mFcLzID_h-4" value="show equalty" style="text;html=1;align=center;verticalAlign=middle;resizable=0;points=[];autosize=1;strokeColor=none;fillColor=none;" parent="1" vertex="1">
          <mxGeometry x="185" y="255" width="90" height="30" as="geometry" />
        </mxCell>
        <mxCell id="pUSa7Xq3QO6mFcLzID_h-8" value="&amp;nbsp; &amp;nbsp; &amp;nbsp; &amp;nbsp; &amp;nbsp; login sucessfull" style="text;html=1;align=center;verticalAlign=middle;resizable=0;points=[];autosize=1;strokeColor=none;fillColor=none;" parent="1" vertex="1">
          <mxGeometry x="380" y="315" width="140" height="30" as="geometry" />
        </mxCell>
        <mxCell id="pUSa7Xq3QO6mFcLzID_h-14" value="&amp;nbsp; &amp;nbsp; &amp;nbsp; Create profile" style="text;html=1;align=center;verticalAlign=middle;resizable=0;points=[];autosize=1;strokeColor=none;fillColor=none;" parent="1" vertex="1">
          <mxGeometry x="400" y="365" width="120" height="30" as="geometry" />
        </mxCell>
        <mxCell id="pUSa7Xq3QO6mFcLzID_h-15" value="show assignment" style="text;html=1;align=center;verticalAlign=middle;resizable=0;points=[];autosize=1;strokeColor=none;fillColor=none;" parent="1" vertex="1">
          <mxGeometry x="410" y="405" width="120" height="30" as="geometry" />
        </mxCell>
        <mxCell id="pUSa7Xq3QO6mFcLzID_h-16" value="" style="endArrow=classic;html=1;rounded=0;" parent="1" edge="1">
          <mxGeometry width="50" height="50" relative="1" as="geometry">
            <mxPoint x="600" y="470" as="sourcePoint" />
            <mxPoint x="360" y="470" as="targetPoint" />
          </mxGeometry>
        </mxCell>
        <mxCell id="pUSa7Xq3QO6mFcLzID_h-17" value="chat to teacher" style="text;html=1;align=center;verticalAlign=middle;resizable=0;points=[];autosize=1;strokeColor=none;fillColor=none;" parent="1" vertex="1">
          <mxGeometry x="410" y="445" width="100" height="30" as="geometry" />
        </mxCell>
        <mxCell id="pUSa7Xq3QO6mFcLzID_h-18" value="" style="endArrow=classic;html=1;rounded=0;" parent="1" edge="1">
          <mxGeometry width="50" height="50" relative="1" as="geometry">
            <mxPoint x="600" y="520" as="sourcePoint" />
            <mxPoint x="360" y="520" as="targetPoint" />
          </mxGeometry>
        </mxCell>
        <mxCell id="pUSa7Xq3QO6mFcLzID_h-19" value="add query{image text)" style="text;html=1;align=center;verticalAlign=middle;resizable=0;points=[];autosize=1;strokeColor=none;fillColor=none;" parent="1" vertex="1">
          <mxGeometry x="390" y="495" width="140" height="30" as="geometry" />
        </mxCell>
        <mxCell id="pUSa7Xq3QO6mFcLzID_h-20" value="" style="endArrow=classic;html=1;rounded=0;" parent="1" edge="1">
          <mxGeometry width="50" height="50" relative="1" as="geometry">
            <mxPoint x="600" y="560" as="sourcePoint" />
            <mxPoint x="360" y="560" as="targetPoint" />
          </mxGeometry>
        </mxCell>
        <mxCell id="pUSa7Xq3QO6mFcLzID_h-21" value="logout" style="text;html=1;align=center;verticalAlign=middle;resizable=0;points=[];autosize=1;strokeColor=none;fillColor=none;" parent="1" vertex="1">
          <mxGeometry x="430" y="535" width="60" height="30" as="geometry" />
        </mxCell>
        <mxCell id="mfx1sdRf3N7x4_HO8tYF-1" value="" style="endArrow=classic;html=1;rounded=0;" edge="1" parent="1">
          <mxGeometry width="50" height="50" relative="1" as="geometry">
            <mxPoint x="120" y="320" as="sourcePoint" />
            <mxPoint x="360" y="320" as="targetPoint" />
          </mxGeometry>
        </mxCell>
        <mxCell id="mfx1sdRf3N7x4_HO8tYF-2" value="reply to post" style="text;html=1;align=center;verticalAlign=middle;resizable=0;points=[];autosize=1;strokeColor=none;fillColor=none;" vertex="1" parent="1">
          <mxGeometry x="185" y="288" width="90" height="30" as="geometry" />
        </mxCell>
      </root>
    </mxGraphModel>
  </diagram>
  <diagram id="35wJrLZxlqrR8xUHnjAm" name="Page-2">
    <mxGraphModel dx="1114" dy="610" grid="1" gridSize="10" guides="1" tooltips="1" connect="1" arrows="1" fold="1" page="1" pageScale="1" pageWidth="850" pageHeight="1100" math="0" shadow="0">
      <root>
        <mxCell id="0" />
        <mxCell id="1" parent="0" />
        <mxCell id="mK41bLwIyW3hMzwVJjbh-1" value="" style="ellipse;html=1;shape=startState;fillColor=#000000;strokeColor=#ff0000;" vertex="1" parent="1">
          <mxGeometry x="671.25" y="380" width="37.5" height="30" as="geometry" />
        </mxCell>
        <mxCell id="mK41bLwIyW3hMzwVJjbh-2" value="Registration/Login" style="html=1;dashed=0;whitespace=wrap;" vertex="1" parent="1">
          <mxGeometry x="630" y="470" width="120" height="30" as="geometry" />
        </mxCell>
        <mxCell id="mK41bLwIyW3hMzwVJjbh-3" value="User Type" style="rhombus;whiteSpace=wrap;html=1;fillColor=#ffffc0;strokeColor=#ff0000;" vertex="1" parent="1">
          <mxGeometry x="630" y="540" width="120" height="40" as="geometry" />
        </mxCell>
        <mxCell id="mK41bLwIyW3hMzwVJjbh-4" value="" style="endArrow=none;html=1;rounded=0;" edge="1" parent="1">
          <mxGeometry width="50" height="50" relative="1" as="geometry">
            <mxPoint x="690" y="400" as="sourcePoint" />
            <mxPoint x="690" y="460" as="targetPoint" />
            <Array as="points">
              <mxPoint x="690" y="470" />
            </Array>
          </mxGeometry>
        </mxCell>
        <mxCell id="mK41bLwIyW3hMzwVJjbh-7" value="" style="endArrow=classic;html=1;rounded=0;exitX=0.5;exitY=1;exitDx=0;exitDy=0;entryX=0.5;entryY=0;entryDx=0;entryDy=0;" edge="1" parent="1" target="mK41bLwIyW3hMzwVJjbh-3">
          <mxGeometry width="50" height="50" relative="1" as="geometry">
            <mxPoint x="690" y="500" as="sourcePoint" />
            <mxPoint x="800" y="510" as="targetPoint" />
            <Array as="points" />
          </mxGeometry>
        </mxCell>
        <mxCell id="mK41bLwIyW3hMzwVJjbh-8" value="" style="endArrow=none;html=1;rounded=0;" edge="1" parent="1">
          <mxGeometry width="50" height="50" relative="1" as="geometry">
            <mxPoint x="550" y="560" as="sourcePoint" />
            <mxPoint x="630" y="560" as="targetPoint" />
          </mxGeometry>
        </mxCell>
        <mxCell id="mK41bLwIyW3hMzwVJjbh-9" value="" style="endArrow=none;html=1;rounded=0;" edge="1" parent="1">
          <mxGeometry width="50" height="50" relative="1" as="geometry">
            <mxPoint x="750" y="560" as="sourcePoint" />
            <mxPoint x="830" y="560" as="targetPoint" />
          </mxGeometry>
        </mxCell>
        <mxCell id="mK41bLwIyW3hMzwVJjbh-10" value="teacher" style="text;html=1;align=center;verticalAlign=middle;resizable=0;points=[];autosize=1;strokeColor=none;fillColor=none;" vertex="1" parent="1">
          <mxGeometry x="550" y="525" width="60" height="30" as="geometry" />
        </mxCell>
        <mxCell id="mK41bLwIyW3hMzwVJjbh-11" value="Student" style="text;html=1;align=center;verticalAlign=middle;resizable=0;points=[];autosize=1;strokeColor=none;fillColor=none;" vertex="1" parent="1">
          <mxGeometry x="750" y="525" width="60" height="30" as="geometry" />
        </mxCell>
        <mxCell id="mK41bLwIyW3hMzwVJjbh-12" value="create Profile" style="rounded=0;whiteSpace=wrap;html=1;" vertex="1" parent="1">
          <mxGeometry x="490" y="610" width="120" height="40" as="geometry" />
        </mxCell>
        <mxCell id="mK41bLwIyW3hMzwVJjbh-13" value="Create profile" style="rounded=0;whiteSpace=wrap;html=1;" vertex="1" parent="1">
          <mxGeometry x="770" y="610" width="120" height="40" as="geometry" />
        </mxCell>
        <mxCell id="mK41bLwIyW3hMzwVJjbh-14" value="add assignment&lt;br style=&quot;border-color: var(--border-color);&quot;&gt;&lt;span style=&quot;&quot;&gt;(image text)&lt;/span&gt;" style="rounded=0;whiteSpace=wrap;html=1;" vertex="1" parent="1">
          <mxGeometry x="490" y="690" width="120" height="40" as="geometry" />
        </mxCell>
        <mxCell id="mK41bLwIyW3hMzwVJjbh-15" value="show assignment" style="rounded=0;whiteSpace=wrap;html=1;" vertex="1" parent="1">
          <mxGeometry x="770" y="690" width="120" height="40" as="geometry" />
        </mxCell>
        <mxCell id="mK41bLwIyW3hMzwVJjbh-16" value="chat to student" style="rounded=0;whiteSpace=wrap;html=1;" vertex="1" parent="1">
          <mxGeometry x="490" y="770" width="120" height="40" as="geometry" />
        </mxCell>
        <mxCell id="mK41bLwIyW3hMzwVJjbh-17" value="chat to teacher" style="rounded=0;whiteSpace=wrap;html=1;" vertex="1" parent="1">
          <mxGeometry x="770" y="770" width="120" height="40" as="geometry" />
        </mxCell>
        <mxCell id="xwgH4uVeQtnziNCJyE4i-1" value="" style="edgeStyle=orthogonalEdgeStyle;rounded=0;orthogonalLoop=1;jettySize=auto;html=1;" edge="1" parent="1" source="mK41bLwIyW3hMzwVJjbh-18" target="8zDcl0iOnhIzTbZSvzN0-1">
          <mxGeometry relative="1" as="geometry" />
        </mxCell>
        <mxCell id="mK41bLwIyW3hMzwVJjbh-18" value="show equalty" style="rounded=0;whiteSpace=wrap;html=1;" vertex="1" parent="1">
          <mxGeometry x="490" y="850" width="120" height="40" as="geometry" />
        </mxCell>
        <mxCell id="mK41bLwIyW3hMzwVJjbh-19" value="" style="endArrow=none;html=1;rounded=0;" edge="1" parent="1" source="mK41bLwIyW3hMzwVJjbh-12">
          <mxGeometry width="50" height="50" relative="1" as="geometry">
            <mxPoint x="500" y="610" as="sourcePoint" />
            <mxPoint x="550" y="560" as="targetPoint" />
          </mxGeometry>
        </mxCell>
        <mxCell id="mK41bLwIyW3hMzwVJjbh-20" value="" style="endArrow=classic;html=1;rounded=0;exitX=0.5;exitY=1;exitDx=0;exitDy=0;" edge="1" parent="1" source="mK41bLwIyW3hMzwVJjbh-12">
          <mxGeometry width="50" height="50" relative="1" as="geometry">
            <mxPoint x="500" y="740" as="sourcePoint" />
            <mxPoint x="550" y="690" as="targetPoint" />
          </mxGeometry>
        </mxCell>
        <mxCell id="mK41bLwIyW3hMzwVJjbh-21" value="" style="endArrow=classic;html=1;rounded=0;exitX=0.5;exitY=1;exitDx=0;exitDy=0;" edge="1" parent="1" source="mK41bLwIyW3hMzwVJjbh-14">
          <mxGeometry width="50" height="50" relative="1" as="geometry">
            <mxPoint x="500" y="820" as="sourcePoint" />
            <mxPoint x="550" y="770" as="targetPoint" />
          </mxGeometry>
        </mxCell>
        <mxCell id="mK41bLwIyW3hMzwVJjbh-22" value="" style="endArrow=classic;html=1;rounded=0;exitX=0.5;exitY=1;exitDx=0;exitDy=0;" edge="1" parent="1" source="mK41bLwIyW3hMzwVJjbh-16">
          <mxGeometry width="50" height="50" relative="1" as="geometry">
            <mxPoint x="500" y="900" as="sourcePoint" />
            <mxPoint x="550" y="850" as="targetPoint" />
          </mxGeometry>
        </mxCell>
        <mxCell id="mK41bLwIyW3hMzwVJjbh-23" value="" style="endArrow=classic;html=1;rounded=0;exitX=0.5;exitY=1;exitDx=0;exitDy=0;" edge="1" parent="1" source="mK41bLwIyW3hMzwVJjbh-13">
          <mxGeometry width="50" height="50" relative="1" as="geometry">
            <mxPoint x="780" y="740" as="sourcePoint" />
            <mxPoint x="830" y="690" as="targetPoint" />
          </mxGeometry>
        </mxCell>
        <mxCell id="mK41bLwIyW3hMzwVJjbh-24" value="" style="endArrow=classic;html=1;rounded=0;exitX=0.5;exitY=1;exitDx=0;exitDy=0;" edge="1" parent="1" source="mK41bLwIyW3hMzwVJjbh-15">
          <mxGeometry width="50" height="50" relative="1" as="geometry">
            <mxPoint x="780" y="820" as="sourcePoint" />
            <mxPoint x="830" y="770" as="targetPoint" />
          </mxGeometry>
        </mxCell>
        <mxCell id="mK41bLwIyW3hMzwVJjbh-25" value="" style="endArrow=classic;html=1;rounded=0;exitX=0.5;exitY=1;exitDx=0;exitDy=0;startArrow=none;" edge="1" parent="1" source="mK41bLwIyW3hMzwVJjbh-26">
          <mxGeometry width="50" height="50" relative="1" as="geometry">
            <mxPoint x="780" y="910" as="sourcePoint" />
            <mxPoint x="830" y="860" as="targetPoint" />
          </mxGeometry>
        </mxCell>
        <mxCell id="mK41bLwIyW3hMzwVJjbh-26" value="add query(image text)" style="rounded=0;whiteSpace=wrap;html=1;" vertex="1" parent="1">
          <mxGeometry x="770" y="850" width="120" height="40" as="geometry" />
        </mxCell>
        <mxCell id="mK41bLwIyW3hMzwVJjbh-27" value="" style="endArrow=none;html=1;rounded=0;exitX=0.5;exitY=1;exitDx=0;exitDy=0;" edge="1" parent="1" source="mK41bLwIyW3hMzwVJjbh-17" target="mK41bLwIyW3hMzwVJjbh-26">
          <mxGeometry width="50" height="50" relative="1" as="geometry">
            <mxPoint x="830" y="810" as="sourcePoint" />
            <mxPoint x="830" y="860" as="targetPoint" />
          </mxGeometry>
        </mxCell>
        <mxCell id="mK41bLwIyW3hMzwVJjbh-28" value="" style="endArrow=none;html=1;rounded=0;exitX=0.5;exitY=0;exitDx=0;exitDy=0;" edge="1" parent="1" source="mK41bLwIyW3hMzwVJjbh-13">
          <mxGeometry width="50" height="50" relative="1" as="geometry">
            <mxPoint x="780" y="610" as="sourcePoint" />
            <mxPoint x="830" y="560" as="targetPoint" />
          </mxGeometry>
        </mxCell>
        <mxCell id="8zDcl0iOnhIzTbZSvzN0-1" value="reply to post" style="rounded=0;whiteSpace=wrap;html=1;" vertex="1" parent="1">
          <mxGeometry x="490" y="920" width="120" height="40" as="geometry" />
        </mxCell>
      </root>
    </mxGraphModel>
  </diagram>
  <diagram id="pPWhgIIU4Mh4dqvFiGIo" name="Page-3">
    <mxGraphModel dx="1114" dy="610" grid="1" gridSize="10" guides="1" tooltips="1" connect="1" arrows="1" fold="1" page="1" pageScale="1" pageWidth="850" pageHeight="1100" math="0" shadow="0">
      <root>
        <mxCell id="0" />
        <mxCell id="1" parent="0" />
      </root>
    </mxGraphModel>
  </diagram>
  <diagram name="Page-1" id="hF7TBESeYGd8hULvSLS1">
    <mxGraphModel dx="1114" dy="610" grid="1" gridSize="10" guides="1" tooltips="1" connect="1" arrows="1" fold="1" page="1" pageScale="1" pageWidth="850" pageHeight="1100" math="0" shadow="0">
      <root>
        <mxCell id="0" />
        <mxCell id="1" parent="0" />
        <mxCell id="YIEYavK7EqqsfiMlJFHc-90" value="" style="ellipse;html=1;shape=startState;fillColor=#000000;strokeColor=#ff0000;" parent="1" vertex="1">
          <mxGeometry x="322.5" y="80" width="30" height="30" as="geometry" />
        </mxCell>
        <mxCell id="YIEYavK7EqqsfiMlJFHc-91" value="" style="edgeStyle=orthogonalEdgeStyle;html=1;verticalAlign=bottom;endArrow=open;endSize=8;strokeColor=#ff0000;" parent="1" source="YIEYavK7EqqsfiMlJFHc-90" target="YIEYavK7EqqsfiMlJFHc-94" edge="1">
          <mxGeometry relative="1" as="geometry">
            <mxPoint x="337.5" y="140" as="targetPoint" />
          </mxGeometry>
        </mxCell>
        <mxCell id="YIEYavK7EqqsfiMlJFHc-92" style="edgeStyle=orthogonalEdgeStyle;rounded=0;orthogonalLoop=1;jettySize=auto;html=1;entryX=0.5;entryY=0;entryDx=0;entryDy=0;" parent="1" source="YIEYavK7EqqsfiMlJFHc-93" target="YIEYavK7EqqsfiMlJFHc-94" edge="1">
          <mxGeometry relative="1" as="geometry" />
        </mxCell>
        <mxCell id="YIEYavK7EqqsfiMlJFHc-93" value="Registration" style="html=1;dashed=0;whitespace=wrap;" parent="1" vertex="1">
          <mxGeometry x="292.5" y="140" width="100" height="30" as="geometry" />
        </mxCell>
        <mxCell id="IBu6AgUiIqiH8Qek3fy7-8" style="edgeStyle=orthogonalEdgeStyle;rounded=0;orthogonalLoop=1;jettySize=auto;html=1;exitX=0.5;exitY=1;exitDx=0;exitDy=0;" parent="1" source="YIEYavK7EqqsfiMlJFHc-94" edge="1">
          <mxGeometry relative="1" as="geometry">
            <mxPoint x="343" y="310" as="targetPoint" />
          </mxGeometry>
        </mxCell>
        <mxCell id="YIEYavK7EqqsfiMlJFHc-94" value="Login" style="rhombus;whiteSpace=wrap;html=1;fillColor=#ffffc0;strokeColor=#ff0000;" parent="1" vertex="1">
          <mxGeometry x="302.5" y="200" width="80" height="40" as="geometry" />
        </mxCell>
        <mxCell id="YIEYavK7EqqsfiMlJFHc-95" value="no" style="edgeStyle=orthogonalEdgeStyle;html=1;align=left;verticalAlign=bottom;endArrow=open;endSize=8;strokeColor=#ff0000;" parent="1" source="YIEYavK7EqqsfiMlJFHc-94" edge="1">
          <mxGeometry x="-1" relative="1" as="geometry">
            <mxPoint x="352.5" y="190" as="targetPoint" />
            <Array as="points">
              <mxPoint x="432.5" y="220" />
              <mxPoint x="432.5" y="190" />
            </Array>
          </mxGeometry>
        </mxCell>
        <mxCell id="YIEYavK7EqqsfiMlJFHc-105" value="Result" style="html=1;dashed=0;whitespace=wrap;" parent="1" vertex="1">
          <mxGeometry x="292.5" y="680" width="100" height="30" as="geometry" />
        </mxCell>
        <mxCell id="bJ8J1QMQjNr3MBoy_X6r-1" style="edgeStyle=orthogonalEdgeStyle;rounded=0;orthogonalLoop=1;jettySize=auto;html=1;exitX=0.5;exitY=1;exitDx=0;exitDy=0;entryX=0.575;entryY=0.067;entryDx=0;entryDy=0;entryPerimeter=0;" parent="1" source="YIEYavK7EqqsfiMlJFHc-106" target="YIEYavK7EqqsfiMlJFHc-105" edge="1">
          <mxGeometry relative="1" as="geometry" />
        </mxCell>
        <mxCell id="YIEYavK7EqqsfiMlJFHc-106" value="Classification" style="html=1;dashed=0;whitespace=wrap;" parent="1" vertex="1">
          <mxGeometry x="268.76" y="570" width="155" height="60" as="geometry" />
        </mxCell>
        <mxCell id="YIEYavK7EqqsfiMlJFHc-108" value="Manager" style="html=1;dashed=0;whitespace=wrap;" parent="1" vertex="1">
          <mxGeometry x="283.38" y="310" width="132.5" height="40" as="geometry" />
        </mxCell>
        <mxCell id="YIEYavK7EqqsfiMlJFHc-119" style="edgeStyle=orthogonalEdgeStyle;rounded=0;orthogonalLoop=1;jettySize=auto;html=1;entryX=0.5;entryY=0;entryDx=0;entryDy=0;" parent="1" target="YIEYavK7EqqsfiMlJFHc-110" edge="1">
          <mxGeometry relative="1" as="geometry">
            <mxPoint x="346.29999999999995" y="350" as="sourcePoint" />
          </mxGeometry>
        </mxCell>
        <mxCell id="YIEYavK7EqqsfiMlJFHc-120" value="" style="edgeStyle=orthogonalEdgeStyle;rounded=0;orthogonalLoop=1;jettySize=auto;html=1;" parent="1" source="YIEYavK7EqqsfiMlJFHc-110" target="YIEYavK7EqqsfiMlJFHc-111" edge="1">
          <mxGeometry relative="1" as="geometry" />
        </mxCell>
        <mxCell id="YIEYavK7EqqsfiMlJFHc-110" value="spending request" style="html=1;dashed=0;whitespace=wrap;" parent="1" vertex="1">
          <mxGeometry x="280.5" y="380" width="132" height="30" as="geometry" />
        </mxCell>
        <mxCell id="YIEYavK7EqqsfiMlJFHc-116" style="edgeStyle=orthogonalEdgeStyle;rounded=0;orthogonalLoop=1;jettySize=auto;html=1;entryX=0.5;entryY=0;entryDx=0;entryDy=0;" parent="1" source="YIEYavK7EqqsfiMlJFHc-111" target="YIEYavK7EqqsfiMlJFHc-106" edge="1">
          <mxGeometry relative="1" as="geometry">
            <mxPoint x="346.5" y="499" as="targetPoint" />
          </mxGeometry>
        </mxCell>
        <mxCell id="YIEYavK7EqqsfiMlJFHc-111" value="contract" style="html=1;dashed=0;whitespace=wrap;" parent="1" vertex="1">
          <mxGeometry x="276.63" y="440" width="139.25" height="30" as="geometry" />
        </mxCell>
      </root>
    </mxGraphModel>
  </diagram>
  <diagram name="Page-2" id="CVdAhi2aNlcey0yXqqyd">
    <mxGraphModel dx="1114" dy="610" grid="1" gridSize="10" guides="1" tooltips="1" connect="1" arrows="1" fold="1" page="1" pageScale="1" pageWidth="850" pageHeight="1100" math="0" shadow="0">
      <root>
        <mxCell id="0" />
        <mxCell id="1" parent="0" />
        <mxCell id="KpEqAUv0m7u7SRbJ_EAp-1" value="" style="edgeStyle=orthogonalEdgeStyle;rounded=0;orthogonalLoop=1;jettySize=auto;html=1;" parent="1" source="KpEqAUv0m7u7SRbJ_EAp-2" target="KpEqAUv0m7u7SRbJ_EAp-7" edge="1">
          <mxGeometry relative="1" as="geometry" />
        </mxCell>
        <mxCell id="KpEqAUv0m7u7SRbJ_EAp-2" value="User  (input as Text And voice)" style="swimlane;fontStyle=1;align=center;verticalAlign=top;childLayout=stackLayout;horizontal=1;startSize=26;horizontalStack=0;resizeParent=1;resizeParentMax=0;resizeLast=0;collapsible=1;marginBottom=0;" parent="1" vertex="1">
          <mxGeometry x="135" y="60" width="180" height="86" as="geometry" />
        </mxCell>
        <mxCell id="KpEqAUv0m7u7SRbJ_EAp-3" value="+ field: " style="text;strokeColor=none;fillColor=none;align=left;verticalAlign=top;spacingLeft=4;spacingRight=4;overflow=hidden;rotatable=0;points=[[0,0.5],[1,0.5]];portConstraint=eastwest;" parent="KpEqAUv0m7u7SRbJ_EAp-2" vertex="1">
          <mxGeometry y="26" width="180" height="26" as="geometry" />
        </mxCell>
        <mxCell id="KpEqAUv0m7u7SRbJ_EAp-4" value="" style="line;strokeWidth=1;fillColor=none;align=left;verticalAlign=middle;spacingTop=-1;spacingLeft=3;spacingRight=3;rotatable=0;labelPosition=right;points=[];portConstraint=eastwest;" parent="KpEqAUv0m7u7SRbJ_EAp-2" vertex="1">
          <mxGeometry y="52" width="180" height="8" as="geometry" />
        </mxCell>
        <mxCell id="KpEqAUv0m7u7SRbJ_EAp-5" value="+ method(Image): " style="text;strokeColor=none;fillColor=none;align=left;verticalAlign=top;spacingLeft=4;spacingRight=4;overflow=hidden;rotatable=0;points=[[0,0.5],[1,0.5]];portConstraint=eastwest;" parent="KpEqAUv0m7u7SRbJ_EAp-2" vertex="1">
          <mxGeometry y="60" width="180" height="26" as="geometry" />
        </mxCell>
        <mxCell id="KpEqAUv0m7u7SRbJ_EAp-6" value="" style="edgeStyle=orthogonalEdgeStyle;rounded=0;orthogonalLoop=1;jettySize=auto;html=1;" parent="1" source="KpEqAUv0m7u7SRbJ_EAp-7" target="KpEqAUv0m7u7SRbJ_EAp-12" edge="1">
          <mxGeometry relative="1" as="geometry" />
        </mxCell>
        <mxCell id="KpEqAUv0m7u7SRbJ_EAp-7" value="Preprosessing" style="swimlane;fontStyle=1;align=center;verticalAlign=top;childLayout=stackLayout;horizontal=1;startSize=26;horizontalStack=0;resizeParent=1;resizeParentMax=0;resizeLast=0;collapsible=1;marginBottom=0;" parent="1" vertex="1">
          <mxGeometry x="385" y="60" width="180" height="86" as="geometry" />
        </mxCell>
        <mxCell id="KpEqAUv0m7u7SRbJ_EAp-8" value="+ field: text and voice" style="text;strokeColor=none;fillColor=none;align=left;verticalAlign=top;spacingLeft=4;spacingRight=4;overflow=hidden;rotatable=0;points=[[0,0.5],[1,0.5]];portConstraint=eastwest;" parent="KpEqAUv0m7u7SRbJ_EAp-7" vertex="1">
          <mxGeometry y="26" width="180" height="26" as="geometry" />
        </mxCell>
        <mxCell id="KpEqAUv0m7u7SRbJ_EAp-9" value="" style="line;strokeWidth=1;fillColor=none;align=left;verticalAlign=middle;spacingTop=-1;spacingLeft=3;spacingRight=3;rotatable=0;labelPosition=right;points=[];portConstraint=eastwest;" parent="KpEqAUv0m7u7SRbJ_EAp-7" vertex="1">
          <mxGeometry y="52" width="180" height="8" as="geometry" />
        </mxCell>
        <mxCell id="KpEqAUv0m7u7SRbJ_EAp-10" value="+ method(Preprocessing): " style="text;strokeColor=none;fillColor=none;align=left;verticalAlign=top;spacingLeft=4;spacingRight=4;overflow=hidden;rotatable=0;points=[[0,0.5],[1,0.5]];portConstraint=eastwest;" parent="KpEqAUv0m7u7SRbJ_EAp-7" vertex="1">
          <mxGeometry y="60" width="180" height="26" as="geometry" />
        </mxCell>
        <mxCell id="KpEqAUv0m7u7SRbJ_EAp-12" value="Feature Extraction" style="swimlane;fontStyle=1;align=center;verticalAlign=top;childLayout=stackLayout;horizontal=1;startSize=26;horizontalStack=0;resizeParent=1;resizeParentMax=0;resizeLast=0;collapsible=1;marginBottom=0;" parent="1" vertex="1">
          <mxGeometry x="640" y="60" width="220" height="86" as="geometry" />
        </mxCell>
        <mxCell id="KpEqAUv0m7u7SRbJ_EAp-13" value="+ field: text and voice" style="text;strokeColor=none;fillColor=none;align=left;verticalAlign=top;spacingLeft=4;spacingRight=4;overflow=hidden;rotatable=0;points=[[0,0.5],[1,0.5]];portConstraint=eastwest;" parent="KpEqAUv0m7u7SRbJ_EAp-12" vertex="1">
          <mxGeometry y="26" width="220" height="26" as="geometry" />
        </mxCell>
        <mxCell id="KpEqAUv0m7u7SRbJ_EAp-14" value="" style="line;strokeWidth=1;fillColor=none;align=left;verticalAlign=middle;spacingTop=-1;spacingLeft=3;spacingRight=3;rotatable=0;labelPosition=right;points=[];portConstraint=eastwest;" parent="KpEqAUv0m7u7SRbJ_EAp-12" vertex="1">
          <mxGeometry y="52" width="220" height="8" as="geometry" />
        </mxCell>
        <mxCell id="KpEqAUv0m7u7SRbJ_EAp-15" value="+ method(Feature Extraction): " style="text;strokeColor=none;fillColor=none;align=left;verticalAlign=top;spacingLeft=4;spacingRight=4;overflow=hidden;rotatable=0;points=[[0,0.5],[1,0.5]];portConstraint=eastwest;" parent="KpEqAUv0m7u7SRbJ_EAp-12" vertex="1">
          <mxGeometry y="60" width="220" height="26" as="geometry" />
        </mxCell>
        <mxCell id="KpEqAUv0m7u7SRbJ_EAp-16" value="" style="edgeStyle=orthogonalEdgeStyle;rounded=0;orthogonalLoop=1;jettySize=auto;html=1;" parent="1" target="KpEqAUv0m7u7SRbJ_EAp-22" edge="1">
          <mxGeometry relative="1" as="geometry">
            <mxPoint x="790" y="269" as="sourcePoint" />
          </mxGeometry>
        </mxCell>
        <mxCell id="KpEqAUv0m7u7SRbJ_EAp-21" value="" style="edgeStyle=orthogonalEdgeStyle;rounded=0;orthogonalLoop=1;jettySize=auto;html=1;" parent="1" source="KpEqAUv0m7u7SRbJ_EAp-22" target="KpEqAUv0m7u7SRbJ_EAp-26" edge="1">
          <mxGeometry relative="1" as="geometry" />
        </mxCell>
        <mxCell id="KpEqAUv0m7u7SRbJ_EAp-22" value="Classification" style="swimlane;fontStyle=1;align=center;verticalAlign=top;childLayout=stackLayout;horizontal=1;startSize=26;horizontalStack=0;resizeParent=1;resizeParentMax=0;resizeLast=0;collapsible=1;marginBottom=0;" parent="1" vertex="1">
          <mxGeometry x="385" y="226" width="180" height="100" as="geometry" />
        </mxCell>
        <mxCell id="KpEqAUv0m7u7SRbJ_EAp-23" value="+ field: text and voice" style="text;strokeColor=none;fillColor=none;align=left;verticalAlign=top;spacingLeft=4;spacingRight=4;overflow=hidden;rotatable=0;points=[[0,0.5],[1,0.5]];portConstraint=eastwest;" parent="KpEqAUv0m7u7SRbJ_EAp-22" vertex="1">
          <mxGeometry y="26" width="180" height="26" as="geometry" />
        </mxCell>
        <mxCell id="KpEqAUv0m7u7SRbJ_EAp-24" value="" style="line;strokeWidth=1;fillColor=none;align=left;verticalAlign=middle;spacingTop=-1;spacingLeft=3;spacingRight=3;rotatable=0;labelPosition=right;points=[];portConstraint=eastwest;" parent="KpEqAUv0m7u7SRbJ_EAp-22" vertex="1">
          <mxGeometry y="52" width="180" height="8" as="geometry" />
        </mxCell>
        <mxCell id="KpEqAUv0m7u7SRbJ_EAp-25" value="+ method(Classification): NLP &#xa;And Neural Network" style="text;strokeColor=none;fillColor=none;align=left;verticalAlign=top;spacingLeft=4;spacingRight=4;overflow=hidden;rotatable=0;points=[[0,0.5],[1,0.5]];portConstraint=eastwest;" parent="KpEqAUv0m7u7SRbJ_EAp-22" vertex="1">
          <mxGeometry y="60" width="180" height="40" as="geometry" />
        </mxCell>
        <mxCell id="KpEqAUv0m7u7SRbJ_EAp-26" value="Result" style="swimlane;fontStyle=1;align=center;verticalAlign=top;childLayout=stackLayout;horizontal=1;startSize=26;horizontalStack=0;resizeParent=1;resizeParentMax=0;resizeLast=0;collapsible=1;marginBottom=0;" parent="1" vertex="1">
          <mxGeometry x="120" y="220" width="190" height="100" as="geometry" />
        </mxCell>
        <mxCell id="KpEqAUv0m7u7SRbJ_EAp-27" value="+ field: text and voice" style="text;strokeColor=none;fillColor=none;align=left;verticalAlign=top;spacingLeft=4;spacingRight=4;overflow=hidden;rotatable=0;points=[[0,0.5],[1,0.5]];portConstraint=eastwest;" parent="KpEqAUv0m7u7SRbJ_EAp-26" vertex="1">
          <mxGeometry y="26" width="190" height="26" as="geometry" />
        </mxCell>
        <mxCell id="KpEqAUv0m7u7SRbJ_EAp-28" value="" style="line;strokeWidth=1;fillColor=none;align=left;verticalAlign=middle;spacingTop=-1;spacingLeft=3;spacingRight=3;rotatable=0;labelPosition=right;points=[];portConstraint=eastwest;" parent="KpEqAUv0m7u7SRbJ_EAp-26" vertex="1">
          <mxGeometry y="52" width="190" height="8" as="geometry" />
        </mxCell>
        <mxCell id="KpEqAUv0m7u7SRbJ_EAp-29" value="+ method(Result):Detect The &#xa;v&#xa;            " style="text;strokeColor=none;fillColor=none;align=left;verticalAlign=top;spacingLeft=4;spacingRight=4;overflow=hidden;rotatable=0;points=[[0,0.5],[1,0.5]];portConstraint=eastwest;" parent="KpEqAUv0m7u7SRbJ_EAp-26" vertex="1">
          <mxGeometry y="60" width="190" height="40" as="geometry" />
        </mxCell>
        <mxCell id="KpEqAUv0m7u7SRbJ_EAp-30" value="" style="endArrow=none;html=1;rounded=0;entryX=0.668;entryY=1.038;entryDx=0;entryDy=0;entryPerimeter=0;" parent="1" target="KpEqAUv0m7u7SRbJ_EAp-15" edge="1">
          <mxGeometry width="50" height="50" relative="1" as="geometry">
            <mxPoint x="790" y="270" as="sourcePoint" />
            <mxPoint x="820" y="170" as="targetPoint" />
          </mxGeometry>
        </mxCell>
      </root>
    </mxGraphModel>
  </diagram>
  <diagram name="Page-3" id="YmGnZbDsCtJAVxvlkea8">
    <mxGraphModel dx="1114" dy="610" grid="1" gridSize="10" guides="1" tooltips="1" connect="1" arrows="1" fold="1" page="1" pageScale="1" pageWidth="850" pageHeight="1100" math="0" shadow="0">
      <root>
        <mxCell id="0" />
        <mxCell id="1" parent="0" />
        <mxCell id="Z0hQ2QR-pWQadN3yL57H-1" value="" style="html=1;points=[];perimeter=orthogonalPerimeter;" parent="1" vertex="1">
          <mxGeometry x="510" y="220" width="10" height="80" as="geometry" />
        </mxCell>
        <mxCell id="Z0hQ2QR-pWQadN3yL57H-2" value="Login/Registraction" style="html=1;verticalAlign=bottom;endArrow=block;entryX=0;entryY=0;" parent="1" target="Z0hQ2QR-pWQadN3yL57H-1" edge="1">
          <mxGeometry relative="1" as="geometry">
            <mxPoint x="190" y="220" as="sourcePoint" />
          </mxGeometry>
        </mxCell>
        <mxCell id="Z0hQ2QR-pWQadN3yL57H-3" value="Successfully Login/Registration" style="html=1;verticalAlign=bottom;endArrow=open;dashed=1;endSize=8;exitX=0;exitY=0.95;" parent="1" source="Z0hQ2QR-pWQadN3yL57H-1" edge="1">
          <mxGeometry x="-0.0006" y="-8" relative="1" as="geometry">
            <mxPoint x="190" y="300" as="targetPoint" />
            <mxPoint as="offset" />
          </mxGeometry>
        </mxCell>
        <mxCell id="Z0hQ2QR-pWQadN3yL57H-4" value="User" style="shape=umlLifeline;perimeter=lifelinePerimeter;whiteSpace=wrap;html=1;container=1;collapsible=0;recursiveResize=0;outlineConnect=0;" parent="1" vertex="1">
          <mxGeometry x="140" y="170" width="100" height="725" as="geometry" />
        </mxCell>
        <mxCell id="Z0hQ2QR-pWQadN3yL57H-5" value="System" style="shape=umlLifeline;perimeter=lifelinePerimeter;whiteSpace=wrap;html=1;container=1;collapsible=0;recursiveResize=0;outlineConnect=0;" parent="1" vertex="1">
          <mxGeometry x="465" y="170" width="100" height="725" as="geometry" />
        </mxCell>
        <mxCell id="Z0hQ2QR-pWQadN3yL57H-6" value="" style="html=1;points=[];perimeter=orthogonalPerimeter;" parent="Z0hQ2QR-pWQadN3yL57H-5" vertex="1">
          <mxGeometry x="43" y="335" width="10" height="80" as="geometry" />
        </mxCell>
        <mxCell id="Z0hQ2QR-pWQadN3yL57H-7" value="" style="html=1;points=[];perimeter=orthogonalPerimeter;" parent="Z0hQ2QR-pWQadN3yL57H-5" vertex="1">
          <mxGeometry x="43" y="605" width="10" height="80" as="geometry" />
        </mxCell>
        <mxCell id="Z0hQ2QR-pWQadN3yL57H-8" value="" style="shape=umlDestroy;whiteSpace=wrap;html=1;strokeWidth=3;" parent="1" vertex="1">
          <mxGeometry x="175" y="885" width="30" height="30" as="geometry" />
        </mxCell>
        <mxCell id="Z0hQ2QR-pWQadN3yL57H-9" value="" style="shape=umlDestroy;whiteSpace=wrap;html=1;strokeWidth=3;" parent="1" vertex="1">
          <mxGeometry x="500" y="887" width="30" height="30" as="geometry" />
        </mxCell>
        <mxCell id="Z0hQ2QR-pWQadN3yL57H-10" value="manager" style="html=1;verticalAlign=bottom;endArrow=block;" parent="1" source="Z0hQ2QR-pWQadN3yL57H-4" edge="1">
          <mxGeometry width="80" relative="1" as="geometry">
            <mxPoint x="248" y="352" as="sourcePoint" />
            <mxPoint x="514.5" y="352" as="targetPoint" />
          </mxGeometry>
        </mxCell>
        <mxCell id="Z0hQ2QR-pWQadN3yL57H-11" value="" style="endArrow=block;endFill=1;endSize=6;html=1;" parent="1" source="Z0hQ2QR-pWQadN3yL57H-4" target="Z0hQ2QR-pWQadN3yL57H-5" edge="1">
          <mxGeometry width="100" relative="1" as="geometry">
            <mxPoint x="318" y="385" as="sourcePoint" />
            <mxPoint x="418" y="385" as="targetPoint" />
            <Array as="points">
              <mxPoint x="378" y="395" />
            </Array>
          </mxGeometry>
        </mxCell>
        <mxCell id="Z0hQ2QR-pWQadN3yL57H-12" value="" style="endArrow=block;endFill=1;endSize=6;html=1;" parent="1" source="Z0hQ2QR-pWQadN3yL57H-4" target="Z0hQ2QR-pWQadN3yL57H-5" edge="1">
          <mxGeometry width="100" relative="1" as="geometry">
            <mxPoint x="318" y="385" as="sourcePoint" />
            <mxPoint x="418" y="385" as="targetPoint" />
            <Array as="points">
              <mxPoint x="358" y="435" />
            </Array>
          </mxGeometry>
        </mxCell>
        <mxCell id="Z0hQ2QR-pWQadN3yL57H-14" value="spending request" style="text;html=1;align=center;verticalAlign=middle;resizable=0;points=[];autosize=1;" parent="1" vertex="1">
          <mxGeometry x="283" y="368" width="120" height="30" as="geometry" />
        </mxCell>
        <mxCell id="Z0hQ2QR-pWQadN3yL57H-15" value="contract" style="text;html=1;align=center;verticalAlign=middle;resizable=0;points=[];autosize=1;" parent="1" vertex="1">
          <mxGeometry x="310" y="407" width="70" height="30" as="geometry" />
        </mxCell>
        <mxCell id="Z0hQ2QR-pWQadN3yL57H-21" value="" style="endArrow=block;endFill=1;endSize=6;html=1;" parent="1" source="Z0hQ2QR-pWQadN3yL57H-4" target="Z0hQ2QR-pWQadN3yL57H-5" edge="1">
          <mxGeometry width="100" relative="1" as="geometry">
            <mxPoint x="313" y="725" as="sourcePoint" />
            <mxPoint x="413" y="725" as="targetPoint" />
            <Array as="points">
              <mxPoint x="320" y="610" />
            </Array>
          </mxGeometry>
        </mxCell>
        <mxCell id="Z0hQ2QR-pWQadN3yL57H-23" value="&amp;nbsp;Algorithm" style="html=1;verticalAlign=bottom;endArrow=block;" parent="1" source="Z0hQ2QR-pWQadN3yL57H-4" target="Z0hQ2QR-pWQadN3yL57H-5" edge="1">
          <mxGeometry x="-0.0123" y="10" width="80" relative="1" as="geometry">
            <mxPoint x="308" y="775" as="sourcePoint" />
            <mxPoint x="388" y="775" as="targetPoint" />
            <Array as="points">
              <mxPoint x="330" y="770" />
              <mxPoint x="380" y="770" />
            </Array>
            <mxPoint as="offset" />
          </mxGeometry>
        </mxCell>
        <mxCell id="Z0hQ2QR-pWQadN3yL57H-26" value="classification" style="text;html=1;align=center;verticalAlign=middle;resizable=0;points=[];autosize=1;strokeColor=none;fillColor=none;" parent="1" vertex="1">
          <mxGeometry x="285" y="585" width="90" height="30" as="geometry" />
        </mxCell>
      </root>
    </mxGraphModel>
  </diagram>
  <diagram name="Page-4" id="DwuAqV7Ml37y6xrVRw56">
    <mxGraphModel dx="1114" dy="610" grid="1" gridSize="10" guides="1" tooltips="1" connect="1" arrows="1" fold="1" page="1" pageScale="1" pageWidth="850" pageHeight="1100" math="0" shadow="0">
      <root>
        <mxCell id="0" />
        <mxCell id="1" parent="0" />
        <mxCell id="MWOdJRrEcEoNmxd_feg0-1" value="" style="endArrow=none;html=1;rounded=0;" parent="1" edge="1">
          <mxGeometry width="50" height="50" relative="1" as="geometry">
            <mxPoint x="220" y="770" as="sourcePoint" />
            <mxPoint x="219.5" y="219.5" as="targetPoint" />
          </mxGeometry>
        </mxCell>
        <mxCell id="MWOdJRrEcEoNmxd_feg0-2" value="&lt;font face=&quot;Times New Roman&quot;&gt;Counsellor&lt;/font&gt;" style="text;html=1;strokeColor=none;fillColor=none;align=center;verticalAlign=middle;whiteSpace=wrap;rounded=0;" parent="1" vertex="1">
          <mxGeometry x="190" y="190" width="60" height="30" as="geometry" />
        </mxCell>
        <mxCell id="MWOdJRrEcEoNmxd_feg0-3" value="" style="endArrow=classic;html=1;rounded=0;" parent="1" edge="1">
          <mxGeometry width="50" height="50" relative="1" as="geometry">
            <mxPoint x="220" y="260" as="sourcePoint" />
            <mxPoint x="460" y="260" as="targetPoint" />
          </mxGeometry>
        </mxCell>
        <mxCell id="MWOdJRrEcEoNmxd_feg0-4" value="" style="endArrow=classic;html=1;rounded=0;" parent="1" edge="1">
          <mxGeometry width="50" height="50" relative="1" as="geometry">
            <mxPoint x="460" y="300" as="sourcePoint" />
            <mxPoint x="220" y="300" as="targetPoint" />
          </mxGeometry>
        </mxCell>
        <mxCell id="MWOdJRrEcEoNmxd_feg0-5" value="" style="endArrow=classic;html=1;rounded=0;startArrow=none;" parent="1" edge="1">
          <mxGeometry width="50" height="50" relative="1" as="geometry">
            <mxPoint x="220" y="340" as="sourcePoint" />
            <mxPoint x="460" y="340" as="targetPoint" />
          </mxGeometry>
        </mxCell>
        <mxCell id="MWOdJRrEcEoNmxd_feg0-6" value="" style="endArrow=classic;html=1;rounded=0;" parent="1" edge="1">
          <mxGeometry width="50" height="50" relative="1" as="geometry">
            <mxPoint x="220" y="380" as="sourcePoint" />
            <mxPoint x="460" y="380" as="targetPoint" />
          </mxGeometry>
        </mxCell>
        <mxCell id="MWOdJRrEcEoNmxd_feg0-7" value="" style="endArrow=none;html=1;rounded=0;" parent="1" edge="1">
          <mxGeometry width="50" height="50" relative="1" as="geometry">
            <mxPoint x="460" y="780" as="sourcePoint" />
            <mxPoint x="460" y="210" as="targetPoint" />
          </mxGeometry>
        </mxCell>
        <mxCell id="MWOdJRrEcEoNmxd_feg0-8" value="" style="endArrow=classic;html=1;rounded=0;" parent="1" edge="1">
          <mxGeometry width="50" height="50" relative="1" as="geometry">
            <mxPoint x="700" y="489.5" as="sourcePoint" />
            <mxPoint x="460" y="489.5" as="targetPoint" />
          </mxGeometry>
        </mxCell>
        <mxCell id="MWOdJRrEcEoNmxd_feg0-9" value="" style="endArrow=classic;html=1;rounded=0;" parent="1" edge="1">
          <mxGeometry width="50" height="50" relative="1" as="geometry">
            <mxPoint x="460" y="525" as="sourcePoint" />
            <mxPoint x="700" y="525" as="targetPoint" />
          </mxGeometry>
        </mxCell>
        <mxCell id="MWOdJRrEcEoNmxd_feg0-10" value="" style="endArrow=classic;html=1;rounded=0;" parent="1" edge="1">
          <mxGeometry width="50" height="50" relative="1" as="geometry">
            <mxPoint x="700" y="570" as="sourcePoint" />
            <mxPoint x="460" y="570" as="targetPoint" />
          </mxGeometry>
        </mxCell>
        <mxCell id="MWOdJRrEcEoNmxd_feg0-11" value="" style="endArrow=classic;html=1;rounded=0;" parent="1" edge="1">
          <mxGeometry width="50" height="50" relative="1" as="geometry">
            <mxPoint x="220" y="420" as="sourcePoint" />
            <mxPoint x="460" y="420" as="targetPoint" />
          </mxGeometry>
        </mxCell>
        <mxCell id="MWOdJRrEcEoNmxd_feg0-12" value="" style="endArrow=classic;html=1;rounded=0;" parent="1" edge="1">
          <mxGeometry width="50" height="50" relative="1" as="geometry">
            <mxPoint x="220" y="460" as="sourcePoint" />
            <mxPoint x="460" y="460" as="targetPoint" />
          </mxGeometry>
        </mxCell>
        <mxCell id="MWOdJRrEcEoNmxd_feg0-13" value="" style="endArrow=classic;html=1;rounded=0;" parent="1" edge="1">
          <mxGeometry width="50" height="50" relative="1" as="geometry">
            <mxPoint x="700" y="610" as="sourcePoint" />
            <mxPoint x="460" y="610" as="targetPoint" />
          </mxGeometry>
        </mxCell>
        <mxCell id="MWOdJRrEcEoNmxd_feg0-14" value="" style="endArrow=none;html=1;rounded=0;" parent="1" target="MWOdJRrEcEoNmxd_feg0-15" edge="1">
          <mxGeometry width="50" height="50" relative="1" as="geometry">
            <mxPoint x="700" y="780" as="sourcePoint" />
            <mxPoint x="700" y="220" as="targetPoint" />
          </mxGeometry>
        </mxCell>
        <mxCell id="MWOdJRrEcEoNmxd_feg0-15" value="&lt;font face=&quot;Times New Roman&quot;&gt;Student&lt;/font&gt;" style="text;html=1;strokeColor=none;fillColor=none;align=center;verticalAlign=middle;whiteSpace=wrap;rounded=0;" parent="1" vertex="1">
          <mxGeometry x="670" y="190" width="60" height="30" as="geometry" />
        </mxCell>
        <mxCell id="MWOdJRrEcEoNmxd_feg0-16" value="System" style="text;html=1;strokeColor=none;fillColor=none;align=center;verticalAlign=middle;whiteSpace=wrap;rounded=0;" parent="1" vertex="1">
          <mxGeometry x="430" y="190" width="60" height="30" as="geometry" />
        </mxCell>
        <mxCell id="MWOdJRrEcEoNmxd_feg0-17" value="Registraction/log in" style="text;html=1;strokeColor=none;fillColor=none;align=center;verticalAlign=middle;whiteSpace=wrap;rounded=0;" parent="1" vertex="1">
          <mxGeometry x="270" y="230" width="150" height="30" as="geometry" />
        </mxCell>
        <mxCell id="MWOdJRrEcEoNmxd_feg0-18" value="log in successfull" style="text;html=1;strokeColor=none;fillColor=none;align=center;verticalAlign=middle;whiteSpace=wrap;rounded=0;" parent="1" vertex="1">
          <mxGeometry x="250" y="270" width="170" height="30" as="geometry" />
        </mxCell>
        <mxCell id="MWOdJRrEcEoNmxd_feg0-19" value="Registraction/log in" style="text;html=1;align=center;verticalAlign=middle;resizable=0;points=[];autosize=1;strokeColor=none;fillColor=none;" parent="1" vertex="1">
          <mxGeometry x="510" y="465" width="120" height="20" as="geometry" />
        </mxCell>
        <mxCell id="MWOdJRrEcEoNmxd_feg0-20" value="Document verification" style="text;html=1;align=center;verticalAlign=middle;resizable=0;points=[];autosize=1;strokeColor=none;fillColor=none;" parent="1" vertex="1">
          <mxGeometry x="260" y="315" width="140" height="30" as="geometry" />
        </mxCell>
        <mxCell id="MWOdJRrEcEoNmxd_feg0-21" value="Add details/Create profile" style="text;html=1;align=center;verticalAlign=middle;resizable=0;points=[];autosize=1;strokeColor=none;fillColor=none;" parent="1" vertex="1">
          <mxGeometry x="240" y="355" width="160" height="30" as="geometry" />
        </mxCell>
        <mxCell id="MWOdJRrEcEoNmxd_feg0-22" value="See all post" style="text;html=1;align=center;verticalAlign=middle;resizable=0;points=[];autosize=1;strokeColor=none;fillColor=none;" parent="1" vertex="1">
          <mxGeometry x="285" y="395" width="90" height="30" as="geometry" />
        </mxCell>
        <mxCell id="MWOdJRrEcEoNmxd_feg0-23" value="Chat with student" style="text;html=1;align=center;verticalAlign=middle;resizable=0;points=[];autosize=1;strokeColor=none;fillColor=none;" parent="1" vertex="1">
          <mxGeometry x="270" y="435" width="120" height="30" as="geometry" />
        </mxCell>
        <mxCell id="MWOdJRrEcEoNmxd_feg0-24" value="&amp;nbsp; &amp;nbsp; &amp;nbsp; &amp;nbsp; &amp;nbsp; login sucessfull" style="text;html=1;align=center;verticalAlign=middle;resizable=0;points=[];autosize=1;strokeColor=none;fillColor=none;" parent="1" vertex="1">
          <mxGeometry x="480" y="495" width="140" height="30" as="geometry" />
        </mxCell>
        <mxCell id="MWOdJRrEcEoNmxd_feg0-25" value="&amp;nbsp; &amp;nbsp; &amp;nbsp; Create profile" style="text;html=1;align=center;verticalAlign=middle;resizable=0;points=[];autosize=1;strokeColor=none;fillColor=none;" parent="1" vertex="1">
          <mxGeometry x="500" y="545" width="120" height="30" as="geometry" />
        </mxCell>
        <mxCell id="MWOdJRrEcEoNmxd_feg0-26" value="Search Counsellor" style="text;html=1;align=center;verticalAlign=middle;resizable=0;points=[];autosize=1;strokeColor=none;fillColor=none;" parent="1" vertex="1">
          <mxGeometry x="510" y="585" width="120" height="30" as="geometry" />
        </mxCell>
        <mxCell id="MWOdJRrEcEoNmxd_feg0-27" value="" style="endArrow=classic;html=1;rounded=0;" parent="1" edge="1">
          <mxGeometry width="50" height="50" relative="1" as="geometry">
            <mxPoint x="700" y="650" as="sourcePoint" />
            <mxPoint x="460" y="650" as="targetPoint" />
          </mxGeometry>
        </mxCell>
        <mxCell id="MWOdJRrEcEoNmxd_feg0-28" value="&amp;nbsp; &amp;nbsp; Upload Post" style="text;html=1;align=center;verticalAlign=middle;resizable=0;points=[];autosize=1;strokeColor=none;fillColor=none;" parent="1" vertex="1">
          <mxGeometry x="510" y="625" width="100" height="30" as="geometry" />
        </mxCell>
        <mxCell id="MWOdJRrEcEoNmxd_feg0-29" value="" style="endArrow=classic;html=1;rounded=0;" parent="1" edge="1">
          <mxGeometry width="50" height="50" relative="1" as="geometry">
            <mxPoint x="700" y="700" as="sourcePoint" />
            <mxPoint x="460" y="700" as="targetPoint" />
          </mxGeometry>
        </mxCell>
        <mxCell id="MWOdJRrEcEoNmxd_feg0-30" value="&amp;nbsp; &amp;nbsp; &amp;nbsp; &amp;nbsp;Chat with counsellor" style="text;html=1;align=center;verticalAlign=middle;resizable=0;points=[];autosize=1;strokeColor=none;fillColor=none;" parent="1" vertex="1">
          <mxGeometry x="485" y="675" width="150" height="30" as="geometry" />
        </mxCell>
        <mxCell id="MWOdJRrEcEoNmxd_feg0-31" value="" style="endArrow=classic;html=1;rounded=0;" parent="1" edge="1">
          <mxGeometry width="50" height="50" relative="1" as="geometry">
            <mxPoint x="700" y="740" as="sourcePoint" />
            <mxPoint x="460" y="740" as="targetPoint" />
          </mxGeometry>
        </mxCell>
        <mxCell id="MWOdJRrEcEoNmxd_feg0-32" value="&amp;nbsp; &amp;nbsp; &amp;nbsp; &amp;nbsp; &amp;nbsp;See all comments" style="text;html=1;align=center;verticalAlign=middle;resizable=0;points=[];autosize=1;strokeColor=none;fillColor=none;" parent="1" vertex="1">
          <mxGeometry x="485" y="715" width="150" height="30" as="geometry" />
        </mxCell>
      </root>
    </mxGraphModel>
  </diagram>
  <diagram name="Page-5" id="heyNnZ1Jcq4y1eJcgy8k">
    <mxGraphModel dx="1114" dy="610" grid="1" gridSize="10" guides="1" tooltips="1" connect="1" arrows="1" fold="1" page="1" pageScale="1" pageWidth="850" pageHeight="1100" math="0" shadow="0">
      <root>
        <mxCell id="0" />
        <mxCell id="1" parent="0" />
        <mxCell id="KiI-xu00OEluXaexyTLu-1" value="Teacher" style="rounded=1;whiteSpace=wrap;html=1;" parent="1" vertex="1">
          <mxGeometry x="160" y="80" width="130" height="30" as="geometry" />
        </mxCell>
        <mxCell id="KiI-xu00OEluXaexyTLu-2" value="Register/Login" style="rounded=1;whiteSpace=wrap;html=1;" parent="1" vertex="1">
          <mxGeometry x="160" y="130" width="130" height="30" as="geometry" />
        </mxCell>
        <mxCell id="KiI-xu00OEluXaexyTLu-3" value="create profile" style="rounded=1;whiteSpace=wrap;html=1;" parent="1" vertex="1">
          <mxGeometry x="160" y="190" width="130" height="30" as="geometry" />
        </mxCell>
        <mxCell id="KiI-xu00OEluXaexyTLu-4" value="add assignment&lt;br style=&quot;border-color: var(--border-color);&quot;&gt;(image text)" style="rounded=1;whiteSpace=wrap;html=1;" parent="1" vertex="1">
          <mxGeometry x="160" y="240" width="130" height="30" as="geometry" />
        </mxCell>
        <mxCell id="KiI-xu00OEluXaexyTLu-5" value="chat to student" style="rounded=1;whiteSpace=wrap;html=1;" parent="1" vertex="1">
          <mxGeometry x="160" y="290" width="130" height="30" as="geometry" />
        </mxCell>
        <mxCell id="KiI-xu00OEluXaexyTLu-6" value="show equalty" style="rounded=1;whiteSpace=wrap;html=1;" parent="1" vertex="1">
          <mxGeometry x="160" y="340" width="130" height="30" as="geometry" />
        </mxCell>
        <mxCell id="KiI-xu00OEluXaexyTLu-7" value="reply to post" style="rounded=1;whiteSpace=wrap;html=1;" parent="1" vertex="1">
          <mxGeometry x="160" y="390" width="130" height="30" as="geometry" />
        </mxCell>
        <mxCell id="KiI-xu00OEluXaexyTLu-14" value="Student" style="rounded=1;whiteSpace=wrap;html=1;" parent="1" vertex="1">
          <mxGeometry x="620" y="80" width="140" height="30" as="geometry" />
        </mxCell>
        <mxCell id="KiI-xu00OEluXaexyTLu-15" value="login" style="rounded=1;whiteSpace=wrap;html=1;" parent="1" vertex="1">
          <mxGeometry x="620" y="140" width="140" height="30" as="geometry" />
        </mxCell>
        <mxCell id="KiI-xu00OEluXaexyTLu-16" value="create profile" style="rounded=1;whiteSpace=wrap;html=1;" parent="1" vertex="1">
          <mxGeometry x="620" y="190" width="140" height="30" as="geometry" />
        </mxCell>
        <mxCell id="KiI-xu00OEluXaexyTLu-17" value="show assignment" style="rounded=1;whiteSpace=wrap;html=1;" parent="1" vertex="1">
          <mxGeometry x="620" y="240" width="140" height="30" as="geometry" />
        </mxCell>
        <mxCell id="KiI-xu00OEluXaexyTLu-18" value="chat to teacher" style="rounded=1;whiteSpace=wrap;html=1;" parent="1" vertex="1">
          <mxGeometry x="620" y="290" width="140" height="30" as="geometry" />
        </mxCell>
        <mxCell id="KiI-xu00OEluXaexyTLu-20" value="add query(image text)" style="rounded=1;whiteSpace=wrap;html=1;" parent="1" vertex="1">
          <mxGeometry x="620" y="340" width="140" height="30" as="geometry" />
        </mxCell>
        <mxCell id="KiI-xu00OEluXaexyTLu-28" value="Learning App" style="ellipse;whiteSpace=wrap;html=1;aspect=fixed;" parent="1" vertex="1">
          <mxGeometry x="425" y="220" width="100" height="100" as="geometry" />
        </mxCell>
        <mxCell id="KiI-xu00OEluXaexyTLu-32" value="" style="endArrow=classic;startArrow=classic;html=1;rounded=0;entryX=0;entryY=0.25;entryDx=0;entryDy=0;exitX=0.78;exitY=0.05;exitDx=0;exitDy=0;exitPerimeter=0;" parent="1" source="KiI-xu00OEluXaexyTLu-28" target="KiI-xu00OEluXaexyTLu-14" edge="1">
          <mxGeometry width="50" height="50" relative="1" as="geometry">
            <mxPoint x="500" y="260" as="sourcePoint" />
            <mxPoint x="550" y="210" as="targetPoint" />
          </mxGeometry>
        </mxCell>
        <mxCell id="KiI-xu00OEluXaexyTLu-33" value="" style="endArrow=classic;startArrow=classic;html=1;rounded=0;entryX=0;entryY=0.25;entryDx=0;entryDy=0;exitX=0.93;exitY=0.21;exitDx=0;exitDy=0;exitPerimeter=0;" parent="1" source="KiI-xu00OEluXaexyTLu-28" target="KiI-xu00OEluXaexyTLu-15" edge="1">
          <mxGeometry width="50" height="50" relative="1" as="geometry">
            <mxPoint x="520" y="270" as="sourcePoint" />
            <mxPoint x="570" y="220" as="targetPoint" />
          </mxGeometry>
        </mxCell>
        <mxCell id="KiI-xu00OEluXaexyTLu-34" value="" style="endArrow=classic;startArrow=classic;html=1;rounded=0;entryX=0;entryY=0.25;entryDx=0;entryDy=0;" parent="1" target="KiI-xu00OEluXaexyTLu-16" edge="1">
          <mxGeometry width="50" height="50" relative="1" as="geometry">
            <mxPoint x="530" y="250" as="sourcePoint" />
            <mxPoint x="590" y="240" as="targetPoint" />
          </mxGeometry>
        </mxCell>
        <mxCell id="KiI-xu00OEluXaexyTLu-35" value="" style="endArrow=classic;startArrow=classic;html=1;rounded=0;entryX=0;entryY=0.25;entryDx=0;entryDy=0;" parent="1" target="KiI-xu00OEluXaexyTLu-17" edge="1">
          <mxGeometry width="50" height="50" relative="1" as="geometry">
            <mxPoint x="530" y="270" as="sourcePoint" />
            <mxPoint x="590" y="250" as="targetPoint" />
          </mxGeometry>
        </mxCell>
        <mxCell id="KiI-xu00OEluXaexyTLu-37" value="" style="endArrow=classic;startArrow=classic;html=1;rounded=0;entryX=0;entryY=0.5;entryDx=0;entryDy=0;exitX=1.04;exitY=0.59;exitDx=0;exitDy=0;exitPerimeter=0;" parent="1" source="KiI-xu00OEluXaexyTLu-28" target="KiI-xu00OEluXaexyTLu-18" edge="1">
          <mxGeometry width="50" height="50" relative="1" as="geometry">
            <mxPoint x="530" y="350" as="sourcePoint" />
            <mxPoint x="580" y="300" as="targetPoint" />
          </mxGeometry>
        </mxCell>
        <mxCell id="KiI-xu00OEluXaexyTLu-38" value="" style="endArrow=classic;startArrow=classic;html=1;rounded=0;exitX=0.93;exitY=0.82;exitDx=0;exitDy=0;exitPerimeter=0;entryX=0;entryY=0.75;entryDx=0;entryDy=0;" parent="1" source="KiI-xu00OEluXaexyTLu-28" target="KiI-xu00OEluXaexyTLu-20" edge="1">
          <mxGeometry width="50" height="50" relative="1" as="geometry">
            <mxPoint x="560" y="420" as="sourcePoint" />
            <mxPoint x="610" y="370" as="targetPoint" />
          </mxGeometry>
        </mxCell>
        <mxCell id="KiI-xu00OEluXaexyTLu-40" value="" style="endArrow=classic;startArrow=classic;html=1;rounded=0;exitX=0.24;exitY=0.02;exitDx=0;exitDy=0;exitPerimeter=0;entryX=1;entryY=0.5;entryDx=0;entryDy=0;" parent="1" source="KiI-xu00OEluXaexyTLu-28" target="KiI-xu00OEluXaexyTLu-1" edge="1">
          <mxGeometry width="50" height="50" relative="1" as="geometry">
            <mxPoint x="410" y="270" as="sourcePoint" />
            <mxPoint x="460" y="220" as="targetPoint" />
          </mxGeometry>
        </mxCell>
        <mxCell id="KiI-xu00OEluXaexyTLu-41" value="" style="endArrow=classic;startArrow=classic;html=1;rounded=0;entryX=0;entryY=0;entryDx=0;entryDy=0;exitX=1;exitY=0.5;exitDx=0;exitDy=0;" parent="1" source="KiI-xu00OEluXaexyTLu-2" target="KiI-xu00OEluXaexyTLu-28" edge="1">
          <mxGeometry width="50" height="50" relative="1" as="geometry">
            <mxPoint x="340" y="290" as="sourcePoint" />
            <mxPoint x="390" y="240" as="targetPoint" />
          </mxGeometry>
        </mxCell>
        <mxCell id="KiI-xu00OEluXaexyTLu-42" value="" style="endArrow=classic;startArrow=classic;html=1;rounded=0;entryX=0.1;entryY=0.22;entryDx=0;entryDy=0;entryPerimeter=0;exitX=1;exitY=0.25;exitDx=0;exitDy=0;" parent="1" source="KiI-xu00OEluXaexyTLu-3" target="KiI-xu00OEluXaexyTLu-28" edge="1">
          <mxGeometry width="50" height="50" relative="1" as="geometry">
            <mxPoint x="340" y="310" as="sourcePoint" />
            <mxPoint x="390" y="260" as="targetPoint" />
          </mxGeometry>
        </mxCell>
        <mxCell id="KiI-xu00OEluXaexyTLu-43" value="" style="endArrow=classic;startArrow=classic;html=1;rounded=0;exitX=0.915;exitY=0.033;exitDx=0;exitDy=0;exitPerimeter=0;entryX=-0.01;entryY=0.41;entryDx=0;entryDy=0;entryPerimeter=0;" parent="1" source="KiI-xu00OEluXaexyTLu-4" target="KiI-xu00OEluXaexyTLu-28" edge="1">
          <mxGeometry width="50" height="50" relative="1" as="geometry">
            <mxPoint x="400" y="320" as="sourcePoint" />
            <mxPoint x="450" y="270" as="targetPoint" />
          </mxGeometry>
        </mxCell>
        <mxCell id="KiI-xu00OEluXaexyTLu-44" value="" style="endArrow=classic;startArrow=classic;html=1;rounded=0;exitX=0.992;exitY=0.14;exitDx=0;exitDy=0;entryX=0;entryY=0.5;entryDx=0;entryDy=0;exitPerimeter=0;" parent="1" source="KiI-xu00OEluXaexyTLu-5" target="KiI-xu00OEluXaexyTLu-28" edge="1">
          <mxGeometry width="50" height="50" relative="1" as="geometry">
            <mxPoint x="400" y="320" as="sourcePoint" />
            <mxPoint x="450" y="270" as="targetPoint" />
          </mxGeometry>
        </mxCell>
        <mxCell id="KiI-xu00OEluXaexyTLu-45" value="" style="endArrow=classic;startArrow=classic;html=1;rounded=0;exitX=1;exitY=0.5;exitDx=0;exitDy=0;entryX=0.03;entryY=0.68;entryDx=0;entryDy=0;entryPerimeter=0;" parent="1" source="KiI-xu00OEluXaexyTLu-6" target="KiI-xu00OEluXaexyTLu-28" edge="1">
          <mxGeometry width="50" height="50" relative="1" as="geometry">
            <mxPoint x="400" y="320" as="sourcePoint" />
            <mxPoint x="450" y="270" as="targetPoint" />
          </mxGeometry>
        </mxCell>
        <mxCell id="KiI-xu00OEluXaexyTLu-46" value="" style="endArrow=classic;startArrow=classic;html=1;rounded=0;exitX=1;exitY=0.25;exitDx=0;exitDy=0;entryX=0;entryY=1;entryDx=0;entryDy=0;" parent="1" source="KiI-xu00OEluXaexyTLu-7" target="KiI-xu00OEluXaexyTLu-28" edge="1">
          <mxGeometry width="50" height="50" relative="1" as="geometry">
            <mxPoint x="400" y="320" as="sourcePoint" />
            <mxPoint x="450" y="270" as="targetPoint" />
          </mxGeometry>
        </mxCell>
      </root>
    </mxGraphModel>
  </diagram>
</mxfile>
